Workbook

Sheet Students
A3: StudentID | B3: Name | C3: Maths | D3: Science | E3: English | F3: Total | G3: Max | H3: Min | I3: Percentage | J3: Grade | K3: Pass/Fail
A4: 1 | B4: Amit | C4: 98 | D4: 47 | E4: 76 | F4: =SUM(C4:E4) -> 221 | G4: =MAX(C4:E4) -> 98 | H4: =MIN(C4:E4) -> 47 | I4: =SUM(F4/300)*100 -> 73.666667 | J4: =IF(I4>70,"A",IF(I4>60,"B",IF(I4>50,"C",IF(I4>40,"D","F")))) -> A | K4: =IF(I4>34, "Pass", "Fail") -> Pass
A5: 2 | B5: Riya | C5: 76 | D5: 46 | E5: 54 | F5: =SUM(C5:E5) -> 176 | G5: =MAX(C5:E5) -> 76 | H5: =MIN(C5:E5) -> 46 | I5: =SUM(F5/300)*100 -> 58.666667 | J5: =IF(I5>70,"A",IF(I5>60,"B",IF(I5>50,"C",IF(I5>40,"D","F")))) -> C | K5: =IF(I5>34, "Pass", "Fail") -> Pass
A6: 3 | B6: Sohan | C6: 55 | D6: 25 | E6: 88 | F6: =SUM(C6:E6) -> 168 | G6: =MAX(C6:E6) -> 88 | H6: =MIN(C6:E6) -> 25 | I6: =SUM(F6/300)*100 -> 56 | J6: =IF(I6>70,"A",IF(I6>60,"B",IF(I6>50,"C",IF(I6>40,"D","F")))) -> C | K6: =IF(I6>34, "Pass", "Fail") -> Pass
A7: 4 | B7: Neha | C7: 89 | D7: 63 | E7: 16 | F7: =SUM(C7:E7) -> 168 | G7: =MAX(C7:E7) -> 89 | H7: =MIN(C7:E7) -> 16 | I7: =SUM(F7/300)*100 -> 56 | J7: =IF(I7>70,"A",IF(I7>60,"B",IF(I7>50,"C",IF(I7>40,"D","F")))) -> C | K7: =IF(I7>34, "Pass", "Fail") -> Pass
A8: 5 | B8: Rahul | C8: 96 | D8: 95 | E8: 86 | F8: =SUM(C8:E8) -> 277 | G8: =MAX(C8:E8) -> 96 | H8: =MIN(C8:E8) -> 86 | I8: =SUM(F8/300)*100 -> 92.333333 | J8: =IF(I8>70,"A",IF(I8>60,"B",IF(I8>50,"C",IF(I8>40,"D","F")))) -> A | K8: =IF(I8>34, "Pass", "Fail") -> Pass
A9: 6 | B9: Pooja | C9: 47 | D9: 64 | E9: 33 | F9: =SUM(C9:E9) -> 144 | G9: =MAX(C9:E9) -> 64 | H9: =MIN(C9:E9) -> 33 | I9: =SUM(F9/300)*100 -> 48 | J9: =IF(I9>70,"A",IF(I9>60,"B",IF(I9>50,"C",IF(I9>40,"D","F")))) -> D | K9: =IF(I9>34, "Pass", "Fail") -> Pass
A10: 7 | B10: Karan | C10: 46 | D10: 26 | E10: 45 | F10: =SUM(C10:E10) -> 117 | G10: =MAX(C10:E10) -> 46 | H10: =MIN(C10:E10) -> 26 | I10: =SUM(F10/300)*100 -> 39 | J10: =IF(I10>70,"A",IF(I10>60,"B",IF(I10>50,"C",IF(I10>40,"D","F")))) -> F | K10: =IF(I10>34, "Pass", "Fail") -> Pass
A11: 8 | B11: Sneha | C11: 25 | D11: 40 | E11: 87 | F11: =SUM(C11:E11) -> 152 | G11: =MAX(C11:E11) -> 87 | H11: =MIN(C11:E11) -> 25 | I11: =SUM(F11/300)*100 -> 50.666667 | J11: =IF(I11>70,"A",IF(I11>60,"B",IF(I11>50,"C",IF(I11>40,"D","F")))) -> C | K11: =IF(I11>34, "Pass", "Fail") -> Pass
A12: 9 | B12: Vikas | C12: 63 | D12: 65 | E12: 25 | F12: =SUM(C12:E12) -> 153 | G12: =MAX(C12:E12) -> 65 | H12: =MIN(C12:E12) -> 25 | I12: =SUM(F12/300)*100 -> 51 | J12: =IF(I12>70,"A",IF(I12>60,"B",IF(I12>50,"C",IF(I12>40,"D","F")))) -> C | K12: =IF(I12>34, "Pass", "Fail") -> Pass
A13: 10 | B13: Anjali | C13: 95 | D13: 23 | E13: 63 | F13: =SUM(C13:E13) -> 181 | G13: =MAX(C13:E13) -> 95 | H13: =MIN(C13:E13) -> 23 | I13: =SUM(F13/300)*100 -> 60.333333 | J13: =IF(I13>70,"A",IF(I13>60,"B",IF(I13>50,"C",IF(I13>40,"D","F")))) -> B | K13: =IF(I13>34, "Pass", "Fail") -> Pass
A14: 11 | B14: Rohit | C14: 64 | D14: 76 | E14: 95 | F14: =SUM(C14:E14) -> 235 | G14: =MAX(C14:E14) -> 95 | H14: =MIN(C14:E14) -> 64 | I14: =SUM(F14/300)*100 -> 78.333333 | J14: =IF(I14>70,"A",IF(I14>60,"B",IF(I14>50,"C",IF(I14>40,"D","F")))) -> A | K14: =IF(I14>34, "Pass", "Fail") -> Pass
A15: 12 | B15: Priya | C15: 26 | D15: 54 | E15: 64 | F15: =SUM(C15:E15) -> 144 | G15: =MAX(C15:E15) -> 64 | H15: =MIN(C15:E15) -> 26 | I15: =SUM(F15/300)*100 -> 48 | J15: =IF(I15>70,"A",IF(I15>60,"B",IF(I15>50,"C",IF(I15>40,"D","F")))) -> D | K15: =IF(I15>34, "Pass", "Fail") -> Pass
... A33: 30 | B33: Preeti | C33: 87 | D33: 34 | E33: 64 | F33: =SUM(C33:E33) -> 185 | G33: =MAX(C33:E33) -> 87 | H33: =MIN(C33:E33) -> 34 | I33: =SUM(F33/300)*100 -> 61.666667 | J33: =IF(I33>70,"A",IF(I33>60,"B",IF(I33>50,"C",IF(I33>40,"D","F")))) -> B | K33: =IF(I33>34, "Pass", "Fail") -> Pass
A35: use COUNTIFS to count student scoring above 60
A36: =COUNTIFS(I4:I33,">60") -> 12
A38: Student scoring | B38: scoring more then 50 in maths
A39: =COUNTIF(C4:C33,">50") -> 18
A41: How many students are fail
A43: =COUNTIFS(K4:K33,"Fail") -> 3
A44: student got morethen 50 in maths and 70 in science
A46: {=_xlfn._xlws.FILTER(A4:J33,(C4:C33>50) * (D4:D33>70))} -> 5 | B46: Rahul | C46: 96 | D46: 95 | E46: 86 | F46: 277 | G46: 96 | H46: 86 | I46: 92.333333 | J46: A
A47: 11 | B47: Rohit | C47: 64 | D47: 76 | E47: 95 | F47: 235 | G47: 95 | H47: 64 | I47: 78.333333 | J47: A
A48: 18 | B48: Nisha | C48: 54 | D48: 87 | E48: 54 | F48: 195 | G48: 87 | H48: 54 | I48: 65 | J48: B
A50: fail student details
A52: {=_xlfn._xlws.FILTER(A3:K33, (K3:K33="Fail"), "No found")} -> 14 | B52: Kavita | C52: 65 | D52: 16 | E52: 9 | F52: 90 | G52: 65 | H52: 9 | I52: 30 | J52: F | K52: Fail
A53: 20 | B53: Meena | C53: 6 | D53: 63 | E53: 16 | F53: 85 | G53: 63 | H53: 6 | I53: 28.333333 | J53: F | K53: Fail
A54: 26 | B54: Rekha | C54: 16 | D54: 15 | E54: 46 | F54: 77 | G54: 46 | H54: 15 | I54: 25.666667 | J54: F | K54: Fail

Sheet Employees
G2: Analyze date of joining
A3: EmpID | B3: Name | C3: Department | D3: Salary | E3: DateOfJoining | G3: Day | H3: Month | I3: Year | L3: salray >50000
A4: 1 | B4: Emp1 | C4: IT | D4: 78825 | E4: 45597 | G4: =DAY(E4) -> 1 | H4: =MONTH(E4) -> 11 | I4: =YEAR(E4) -> 2024 | L4: =COUNT(D4:D33,">50000") -> 30
A5: 2 | B5: Emp2 | C5: Finance | D5: 77650 | E5: 44126 | G5: =DAY(E5) -> 22 | H5: =MONTH(E5) -> 10 | I5: =YEAR(E5) -> 2020
A6: 3 | B6: Emp3 | C6: Sales | D6: 40498 | E6: 45398 | G6: =DAY(E6) -> 16 | H6: =MONTH(E6) -> 4 | I6: =YEAR(E6) -> 2024 | L6: filter Department=IT and Salary > 45000
A7: 4 | B7: Emp4 | C7: Sales | D7: 74529 | E7: 44836 | G7: =DAY(E7) -> 2 | H7: =MONTH(E7) -> 10 | I7: =YEAR(E7) -> 2022 | L7: {=_xlfn._xlws.FILTER(C4:D33,(C4:C33="IT") * (D4:D33>45000),"No Found")} -> IT | M7: 78825
A8: 5 | B8: Emp5 | C8: Finance | D8: 61091 | E8: 44176 | G8: =DAY(E8) -> 11 | H8: =MONTH(E8) -> 12 | I8: =YEAR(E8) -> 2020 | L8: IT | M8: 67805
A9: 6 | B9: Emp6 | C9: Sales | D9: 30394 | E9: 44972 | G9: =DAY(E9) -> 15 | H9: =MONTH(E9) -> 2 | I9: =YEAR(E9) -> 2023 | L9: IT | M9: 53373
A10: 7 | B10: Emp7 | C10: Finance | D10: 26578 | E10: 44861 | G10: =DAY(E10) -> 27 | H10: =MONTH(E10) -> 10 | I10: =YEAR(E10) -> 2022 | L10: IT | M10: 75815
A11: 8 | B11: Emp8 | C11: IT | D11: 31734 | E11: 45597 | G11: =DAY(E11) -> 1 | H11: =MONTH(E11) -> 11 | I11: =YEAR(E11) -> 2024 | L11: IT | M11: 76555
A12: 9 | B12: Emp9 | C12: IT | D12: 67805 | E12: 44749 | G12: =DAY(E12) -> 7 | H12: =MONTH(E12) -> 7 | I12: =YEAR(E12) -> 2022
A13: 10 | B13: Emp10 | C13: Finance | D13: 77495 | E13: 45186 | G13: =DAY(E13) -> 17 | H13: =MONTH(E13) -> 9 | I13: =YEAR(E13) -> 2023
A14: 11 | B14: Emp11 | C14: HR | D14: 70289 | E14: 44870 | G14: =DAY(E14) -> 5 | H14: =MONTH(E14) -> 11 | I14: =YEAR(E14) -> 2022
A15: 12 | B15: Emp12 | C15: HR | D15: 30149 | E15: 43393 | G15: =DAY(E15) -> 20 | H15: =MONTH(E15) -> 10 | I15: =YEAR(E15) -> 2018 | L15: Highest salary departmnet wise
A16: 13 | B16: Emp13 | C16: Finance | D16: 55705 | E16: 44524 | G16: =DAY(E16) -> 24 | H16: =MONTH(E16) -> 11 | I16: =YEAR(E16) -> 2021 | L16: {=_xlfn.UNIQUE(C4:C33)} -> IT | M16: =_xlfn.MAXIFS($D:$D, $C:$C, C15) -> 70289
A17: 14 | B17: Emp14 | C17: IT | D17: 53373 | E17: 44772 | G17: =DAY(E17) -> 30 | H17: =MONTH(E17) -> 7 | I17: =YEAR(E17) -> 2022 | L17: Finance | M17: =_xlfn.MAXIFS($D:$D, $C:$C, C16) -> 77650
A18: 15 | B18: Emp15 | C18: Sales | D18: 41265 | E18: 43521 | G18: =DAY(E18) -> 25 | H18: =MONTH(E18) -> 2 | I18: =YEAR(E18) -> 2019 | L18: Sales | M18: =_xlfn.MAXIFS($D:$D, $C:$C, C17) -> 78825
A19: 16 | B19: Emp16 | C19: HR | D19: 59710 | E19: 44482 | G19: =DAY(E19) -> 13 | H19: =MONTH(E19) -> 10 | I19: =YEAR(E19) -> 2021 | L19: HR | M19: =_xlfn.MAXIFS($D:$D, $C:$C, C18) -> 79325
A20: 17 | B20: Emp17 | C20: Sales | D20: 79325 | E20: 43778 | G20: =DAY(E20) -> 9 | H20: =MONTH(E20) -> 11 | I20: =YEAR(E20) -> 2019
A21: 18 | B21: Emp18 | C21: HR | D21: 50812 | E21: 45146 | G21: =DAY(E21) -> 8 | H21: =MONTH(E21) -> 8 | I21: =YEAR(E21) -> 2023
A22: 19 | B22: Emp19 | C22: Finance | D22: 45670 | E22: 45441 | G22: =DAY(E22) -> 29 | H22: =MONTH(E22) -> 5 | I22: =YEAR(E22) -> 2024 | L22: Total salary Departmnet wise
A23: 20 | B23: Emp20 | C23: Sales | D23: 77957 | E23: 45108 | G23: =DAY(E23) -> 1 | H23: =MONTH(E23) -> 7 | I23: =YEAR(E23) -> 2023 | L23: {=_xlfn.UNIQUE(C4:C33)} -> IT | M23: =_xlfn.MAXIFS(D4:D33,C4:C33,L23) -> 78825
A24: 21 | B24: Emp21 | C24: Finance | D24: 70967 | E24: 44969 | G24: =DAY(E24) -> 12 | H24: =MONTH(E24) -> 2 | I24: =YEAR(E24) -> 2023 | L24: Finance | M24: =_xlfn.MAXIFS(D5:D34,C5:C34,L24) -> 77650
A25: 22 | B25: Emp22 | C25: Finance | D25: 68416 | E25: 44057 | G25: =DAY(E25) -> 14 | H25: =MONTH(E25) -> 8 | I25: =YEAR(E25) -> 2020 | L25: Sales | M25: =_xlfn.MAXIFS(D6:D35,C6:C35,L25) -> 79325
A26: 23 | B26: Emp23 | C26: HR | D26: 58517 | E26: 44327 | G26: =DAY(E26) -> 11 | H26: =MONTH(E26) -> 5 | I26: =YEAR(E26) -> 2021 | L26: HR | M26: =_xlfn.MAXIFS(D7:D36,C7:C36,L26) -> 70289
A27: 24 | B27: Emp24 | C27: IT | D27: 25058 | E27: 44908 | G27: =DAY(E27) -> 13 | H27: =MONTH(E27) -> 12 | I27: =YEAR(E27) -> 2022
A28: 25 | B28: Emp25 | C28: Finance | D28: 72197 | E28: 43558 | G28: =DAY(E28) -> 3 | H28: =MONTH(E28) -> 4 | I28: =YEAR(E28) -> 2019
A29: 26 | B29: Emp26 | C29: IT | D29: 75815 | E29: 44293 | G29: =DAY(E29) -> 7 | H29: =MONTH(E29) -> 4 | I29: =YEAR(E29) -> 2021
A30: 27 | B30: Emp27 | C30: Finance | D30: 46485 | E30: 44266 | G30: =DAY(E30) -> 11 | H30: =MONTH(E30) -> 3 | I30: =YEAR(E30) -> 2021
A31: 28 | B31: Emp28 | C31: Sales | D31: 52766 | E31: 45215 | G31: =DAY(E31) -> 16 | H31: =MONTH(E31) -> 10 | I31: =YEAR(E31) -> 2023
A32: 29 | B32: Emp29 | C32: Finance | D32: 45329 | E32: 45252 | G32: =DAY(E32) -> 22 | H32: =MONTH(E32) -> 11 | I32: =YEAR(E32) -> 2023
A33: 30 | B33: Emp30 | C33: IT | D33: 76555 | E33: 44861 | G33: =DAY(E33) -> 27 | H33: =MONTH(E33) -> 10 | I33: =YEAR(E33) -> 2022

Sheet Products
A1: ProductID | B1: ProductName | C1: Price
A2: P101 | B2: Laptop | C2: 55000
A3: P102 | B3: Mouse | C3: 500
A4: P103 | B4: Keyboard | C4: 1200
A5: P104 | B5: Monitor | C5: 15000
A6: P105 | B6: Printer | C6: 9000
A7: P106 | B7: Tablet | C7: 22000
A8: P107 | B8: Phone | C8: 18000
A9: P108 | B9: Speaker | C9: 3000
A10: P109 | B10: Router | C10: 2500
A11: P110 | B11: Headset | C11: 2000
A13: productId 103(Find a product name)
A14: =VLOOKUP(A4,A2:C11,2,FALSE) -> Keyboard
A16: VLOOKUP
A17: =VLOOKUP(A2,A2:C11,3,FALSE) -> 55000

Sheet Sales
D2: use vlookup to find a product price from sales data
A3: SaleID | B3: ProductID | C3: Quantity | D3: ProductPrice
A4: 1 | B4: P105 | C4: 2 | D4: =VLOOKUP(B4,Products!A:C,3,FALSE) -> 9000
A5: 2 | B5: P102 | C5: 2 | D5: =VLOOKUP(B5,Products!A:C,3,FALSE) -> 500
A6: 3 | B6: P109 | C6: 4 | D6: =VLOOKUP(B6,Products!A:C,3,FALSE) -> 2500 | F6: {=_xlfn.UNIQUE(Products!B2:B11)} -> Laptop | G6: =SUMIF(Products!B2:B11,Sales!F6,Sales!D4:D33) -> 9000
A7: 4 | B7: P106 | C7: 1 | D7: =VLOOKUP(B7,Products!A:C,3,FALSE) -> 22000 | F7: Mouse | G7: =SUMIF(Products!B3:B12,Sales!F7,Sales!D5:D34) -> 500
A8: 5 | B8: P109 | C8: 5 | D8: =VLOOKUP(B8,Products!A:C,3,FALSE) -> 2500 | F8: Keyboard | G8: =SUMIF(Products!B4:B13,Sales!F8,Sales!D6:D35) -> 2500
A9: 6 | B9: P106 | C9: 3 | D9: =VLOOKUP(B9,Products!A:C,3,FALSE) -> 22000 | F9: Monitor | G9: =SUMIF(Products!B5:B14,Sales!F9,Sales!D7:D36) -> 22000
A10: 7 | B10: P108 | C10: 5 | D10: =VLOOKUP(B10,Products!A:C,3,FALSE) -> 3000 | F10: Printer | G10: =SUMIF(Products!B6:B15,Sales!F10,Sales!D8:D37) -> 2500
A11: 8 | B11: P103 | C11: 3 | D11: =VLOOKUP(B11,Products!A:C,3,FALSE) -> 1200 | F11: Tablet | G11: =SUMIF(Products!B7:B16,Sales!F11,Sales!D9:D38) -> 22000
A12: 9 | B12: P110 | C12: 3 | D12: =VLOOKUP(B12,Products!A:C,3,FALSE) -> 2000 | F12: Phone | G12: =SUMIF(Products!B8:B17,Sales!F12,Sales!D10:D39) -> 3000
A13: 10 | B13: P104 | C13: 4 | D13: =VLOOKUP(B13,Products!A:C,3,FALSE) -> 15000 | F13: Speaker | G13: =SUMIF(Products!B9:B18,Sales!F13,Sales!D11:D40) -> 1200
A14: 11 | B14: P102 | C14: 2 | D14: =VLOOKUP(B14,Products!A:C,3,FALSE) -> 500 | F14: Router | G14: =SUMIF(Products!B10:B19,Sales!F14,Sales!D12:D41) -> 2000
A15: 12 | B15: P103 | C15: 3 | D15: =VLOOKUP(B15,Products!A:C,3,FALSE) -> 1200 | F15: Headset | G15: =SUMIF(Products!B11:B20,Sales!F15,Sales!D13:D42) -> 15000
A16: 13 | B16: P105 | C16: 4 | D16: =VLOOKUP(B16,Products!A:C,3,FALSE) -> 9000
A17: 14 | B17: P103 | C17: 3 | D17: =VLOOKUP(B17,Products!A:C,3,FALSE) -> 1200
A18: 15 | B18: P106 | C18: 5 | D18: =VLOOKUP(B18,Products!A:C,3,FALSE) -> 22000
A19: 16 | B19: P104 | C19: 2 | D19: =VLOOKUP(B19,Products!A:C,3,FALSE) -> 15000
A20: 17 | B20: P101 | C20: 4 | D20: =VLOOKUP(B20,Products!A:C,3,FALSE) -> 55000
A21: 18 | B21: P105 | C21: 1 | D21: =VLOOKUP(B21,Products!A:C,3,FALSE) -> 9000
A22: 19 | B22: P109 | C22: 2 | D22: =VLOOKUP(B22,Products!A:C,3,FALSE) -> 2500
A23: 20 | B23: P104 | C23: 4 | D23: =VLOOKUP(B23,Products!A:C,3,FALSE) -> 15000
A24: 21 | B24: P104 | C24: 1 | D24: =VLOOKUP(B24,Products!A:C,3,FALSE) -> 15000
A25: 22 | B25: P109 | C25: 1 | D25: =VLOOKUP(B25,Products!A:C,3,FALSE) -> 2500
A26: 23 | B26: P104 | C26: 1 | D26: =VLOOKUP(B26,Products!A:C,3,FALSE) -> 15000
A27: 24 | B27: P106 | C27: 1 | D27: =VLOOKUP(B27,Products!A:C,3,FALSE) -> 22000
... A33: 30 | B33: P106 | C33: 5 | D33: =VLOOKUP(B33,Products!A:C,3,FALSE) -> 22000
